Авторы;UUID;Описание;Ссылка рутуб
ybezhishe_kino;70c2b170-82e2-406c-96ce-a392badb15fd;Леди Баг и Супер-Кот: Пробуждение силы, 2023;https://rutube.ru/video/e113098037704cd54c1db71adc551e22
ybezhishe_kino;0d7e04b7-afaf-46b7-b0ef-7ac6180911d7;Леди Баг и Супер-Кот: Пробуждение силы, 2023;https://rutube.ru/video/e113098037704cd54c1db71adc551e22
ybezhishe_kino;015f2f81-3f59-422a-9e1c-fbfdd9389b05;Леди Баг и Супер-Кот: Пробуждение силы, 2023;https://rutube.ru/video/e113098037704cd54c1db71adc551e22
ybezhishe_kino;b60b2d5e-8b55-4bd3-ba03-e006e41c9270;Леди Баг и Супер-Кот: Пробуждение силы, 2023;https://rutube.ru/video/e113098037704cd54c1db71adc551e22
ybezhishe_kino;a8c2caf8-f017-43b8-a81f-b7325cb75146;Сумерки. Сага. Новолуние (Фильм, 2009);https://rutube.ru/video/6b44ccdc44c54873223033d0f462ef6f
ybezhishe_kino;32dbccae-e314-4f2b-b97d-63e0cddc01aa;Леди Баг и Супер-Кот: Пробуждение силы, 2023;https://rutube.ru/video/e113098037704cd54c1db71adc551e22
ybezhishe_kino;66030277-87f1-435d-bfa1-6678eba6221c;Леди Баг и Супер-Кот: Пробуждение силы, 2023;https://rutube.ru/video/e113098037704cd54c1db71adc551e22
ybezhishe_kino;a05bc9be-99ec-425d-87a9-3ea64b5b5268;Сумерки. Сага. Новолуние (Фильм, 2009);https://rutube.ru/video/6b44ccdc44c54873223033d0f462ef6f
ybezhishe_kino;6e6ec536-22bf-4afe-812c-961891f4f530;Леди Баг и Супер-Кот: Пробуждение силы, 2023;https://rutube.ru/video/e113098037704cd54c1db71adc551e22
ybezhishe_kino;232b21e8-d8c7-4f41-9dbd-c19df03ef4de;Леди Баг и Супер-Кот: Пробуждение силы, 2023;https://rutube.ru/video/e113098037704cd54c1db71adc551e22
ybezhishe_kino;ce69a715-e5fc-4004-aca0-da122099ee30;Леди Баг и Супер-Кот: Пробуждение силы, 2023;https://rutube.ru/video/e113098037704cd54c1db71adc551e22
ybezhishe_kino;d79b3843-e070-4664-9c0a-b3e108999566;Головоломка 2 2024;https://rutube.ru/video/b539e05af70fecaa567ca7be02bad75d
ybezhishe_kino;cc86c840-ceaa-48ea-a3e3-fd6349c4dd13;Леди Баг и Супер-Кот: Пробуждение силы, 2023;https://rutube.ru/video/e113098037704cd54c1db71adc551e22
ybezhishe_kino;f30937fb-aa9b-48be-ba91-d7ae6c6e77ac;Леди Баг и Супер-Кот: Пробуждение силы, 2023;https://rutube.ru/video/e113098037704cd54c1db71adc551e22
ybezhishe_kino;4256ad33-0d95-4d62-b5a8-bacb40a35a97;Головоломка 2 2024;https://rutube.ru/video/b539e05af70fecaa567ca7be02bad75d
ybezhishe_kino;1b43e6de-e65b-4623-9eb8-0aa32364f935;Сумерки. Сага. Новолуние (Фильм, 2009);https://rutube.ru/video/6b44ccdc44c54873223033d0f462ef6f
ybezhishe_kino;21515b27-243a-454d-a880-e7e81f13981d;Сумерки. Сага. Новолуние (Фильм, 2009);https://rutube.ru/video/6b44ccdc44c54873223033d0f462ef6f
ybezhishe_kino;00c55789-d703-442a-8d60-18a901937f35;Сумерки. Сага. Новолуние (Фильм, 2009);https://rutube.ru/video/6b44ccdc44c54873223033d0f462ef6f
ybezhishe_kino;fe27b622-0563-49ec-a006-fb19b7bfa303;Сумерки. Сага. Новолуние (Фильм, 2009);https://rutube.ru/video/6b44ccdc44c54873223033d0f462ef6f
ybezhishe_kino;fe37ef3c-f1f1-4a37-b070-38025db869d9;Сумерки. Сага. Новолуние (Фильм, 2009);https://rutube.ru/video/6b44ccdc44c54873223033d0f462ef6f
ybezhishe_kino;b3f902c6-eaec-4d49-8103-e7cb4a5ca872;Сумерки. Сага. Новолуние (Фильм, 2009);https://rutube.ru/video/6b44ccdc44c54873223033d0f462ef6f
ybezhishe_kino;b8496f46-5fa6-43ff-83bf-bb4a65377d6c;Сумерки. Сага. Новолуние (Фильм, 2009);https://rutube.ru/video/6b44ccdc44c54873223033d0f462ef6f
ybezhishe_kino;238b9864-1da7-4ba7-9c7b-9562f9aa9f18;Сумерки. Сага. Новолуние (Фильм, 2009);https://rutube.ru/video/6b44ccdc44c54873223033d0f462ef6f
ybezhishe_kino;d9f7be17-4d97-44bd-92b9-ab8e2eeb019b;Сумерки. Сага. Новолуние (Фильм, 2009);https://rutube.ru/video/6b44ccdc44c54873223033d0f462ef6f
ybezhishe_kino;01e83f97-9f32-46d4-8e1c-f6f985bdb614;Сумерки. Сага. Новолуние (Фильм, 2009);https://rutube.ru/video/6b44ccdc44c54873223033d0f462ef6f
ybezhishe_kino;edf55762-ce58-41e4-aacc-68bb13b13190;Сумерки. Сага. Новолуние (Фильм, 2009);https://rutube.ru/video/6b44ccdc44c54873223033d0f462ef6f
ybezhishe_kino;b73e582e-cc2f-49b6-b646-bc68adf4184d;Сумерки. Сага. Новолуние (Фильм, 2009);https://rutube.ru/video/6b44ccdc44c54873223033d0f462ef6f
ybezhishe_kino;1c72df59-4aa4-4ee4-bb9f-ac0c9084a194;Головоломка 2 2024;https://rutube.ru/video/b539e05af70fecaa567ca7be02bad75d
ybezhishe_kino;51b29dd7-f3a3-4e31-abd0-9496cc45d809;Головоломка 2 2024;https://rutube.ru/video/b539e05af70fecaa567ca7be02bad75d
ybezhishe_kino;a5205456-df9c-48de-b7f0-b24eedb46a7a;Аладдин (мультфильм, 1992);https://rutube.ru/video/40ba21392524a74d2c2a8abad3e8c908
ybezhishe_kino;13dbcd43-4eb5-4ae8-9c60-ead82f049607;Аладдин (мультфильм, 1992);https://rutube.ru/video/40ba21392524a74d2c2a8abad3e8c908
ybezhishe_kino;207a9ebc-4d06-4c0b-a24c-eeb81f38b435;Аладдин (мультфильм, 1992);https://rutube.ru/video/40ba21392524a74d2c2a8abad3e8c908
ybezhishe_kino;a6ef91f9-59ab-431a-a69d-1ac45bed0827;Аладдин (мультфильм, 1992);https://rutube.ru/video/40ba21392524a74d2c2a8abad3e8c908
ybezhishe_kino;2c68651c-9e6b-4c75-8c3a-0a0c2c8e832c;Аладдин (мультфильм, 1992);https://rutube.ru/video/40ba21392524a74d2c2a8abad3e8c908
ybezhishe_kino;b6495628-c5eb-458a-882b-f6428033cc55;Аладдин (мультфильм, 1992);https://rutube.ru/video/40ba21392524a74d2c2a8abad3e8c908
ybezhishe_kino;be3beda9-1ead-4369-b3b1-af65520b5eb7;Аладдин (мультфильм, 1992);https://rutube.ru/video/40ba21392524a74d2c2a8abad3e8c908
ybezhishe_kino;a5f3c8fb-1da7-4096-aa73-d8d3d0a3786c;Аладдин (мультфильм, 1992);https://rutube.ru/video/40ba21392524a74d2c2a8abad3e8c908
ybezhishe_kino;d1940d81-1760-46c3-8a86-b571b5b886d5;Головоломка 2 2024;https://rutube.ru/video/b539e05af70fecaa567ca7be02bad75d
ybezhishe_kino;324cbf47-0a22-411e-961c-c354f6bbbade;Аладдин (мультфильм, 1992);https://rutube.ru/video/40ba21392524a74d2c2a8abad3e8c908
ybezhishe_kino;28c8ed8a-719a-49c2-83de-a494622042f1;Аладдин (мультфильм, 1992);https://rutube.ru/video/40ba21392524a74d2c2a8abad3e8c908
ybezhishe_kino;9ec1ccba-5fa6-4471-b261-230eb86b27e1;Аладдин (мультфильм, 1992);https://rutube.ru/video/40ba21392524a74d2c2a8abad3e8c908
ybezhishe_kino;03a76bbd-53e7-4b5c-81e2-d7bf33a60395;Аладдин (мультфильм, 1992);https://rutube.ru/video/40ba21392524a74d2c2a8abad3e8c908
ybezhishe_kino;815ec91b-b3d7-43ed-9f0e-edff9957dde9;Аладдин (мультфильм, 1992);https://rutube.ru/video/40ba21392524a74d2c2a8abad3e8c908
ybezhishe_kino;e65e6692-882a-4070-a76c-b8d88e4d418b;Головоломка 2 2024;https://rutube.ru/video/b539e05af70fecaa567ca7be02bad75d
ybezhishe_kino;58b0cb6f-16e4-4677-af98-4d3a7154e25a;Криминальное чтиво (Фильм,1994);https://rutube.ru/video/b655f8af33deef0514481b2bb39b90e2
ybezhishe_kino;aeff258e-ee41-4fad-9e74-40cd1d309838;Криминальное чтиво (Фильм,1994);https://rutube.ru/video/b655f8af33deef0514481b2bb39b90e2
ybezhishe_kino;73c1825f-c2b2-4bc4-a85a-3be04aaf3096;Криминальное чтиво (Фильм,1994);https://rutube.ru/video/b655f8af33deef0514481b2bb39b90e2
ybezhishe_kino;de0ab9b0-57b3-4e07-87c1-102b4a356590;Криминальное чтиво (Фильм,1994);https://rutube.ru/video/b655f8af33deef0514481b2bb39b90e2
ybezhishe_kino;5d1e4abc-bb1a-4560-9db4-c1de7934bb7d;Криминальное чтиво (Фильм,1994);https://rutube.ru/video/b655f8af33deef0514481b2bb39b90e2
ybezhishe_kino;351107bd-ded0-4a37-92f8-10f6b17ee4bc;Криминальное чтиво (Фильм,1994);https://rutube.ru/video/b655f8af33deef0514481b2bb39b90e2
ybezhishe_kino;88f7e8c6-7f58-4c35-9b09-75da1b29bda5;Криминальное чтиво (Фильм,1994);https://rutube.ru/video/b655f8af33deef0514481b2bb39b90e2
ybezhishe_kino;d59cf4ec-d061-41db-94ab-9379983820f2;Аладдин (мультфильм, 1992);https://rutube.ru/video/40ba21392524a74d2c2a8abad3e8c908
ybezhishe_kino;0fbd8248-ede1-4682-9c93-602d099fb8ca;Криминальное чтиво (Фильм,1994);https://rutube.ru/video/b655f8af33deef0514481b2bb39b90e2
ybezhishe_kino;6218f5d1-311a-464e-8125-43de7d69ae08;Криминальное чтиво (Фильм,1994);https://rutube.ru/video/b655f8af33deef0514481b2bb39b90e2
ybezhishe_kino;4daa610c-6cac-4274-8798-a23c71f70264;Криминальное чтиво (Фильм,1994);https://rutube.ru/video/b655f8af33deef0514481b2bb39b90e2
ybezhishe_kino;3097b3d2-d3d6-4677-8eaf-f9a8bcc4b5b7;Криминальное чтиво (Фильм,1994);https://rutube.ru/video/b655f8af33deef0514481b2bb39b90e2
ybezhishe_kino;bcd227d6-1e99-4b32-b58f-f8ac41ac16ad;Криминальное чтиво (Фильм,1994);https://rutube.ru/video/b655f8af33deef0514481b2bb39b90e2
ybezhishe_kino;8cccc083-29cf-40bc-884d-277c0942bccb;Криминальное чтиво (Фильм,1994);https://rutube.ru/video/b655f8af33deef0514481b2bb39b90e2
ybezhishe_kino;205ff64a-94a0-4fef-a773-9115e6bc000c;Криминальное чтиво (Фильм,1994);https://rutube.ru/video/b655f8af33deef0514481b2bb39b90e2
ybezhishe_kino;8cc12189-c9d6-42c7-b75a-c35a7de1f053;Криминальное чтиво (Фильм,1994);https://rutube.ru/video/b655f8af33deef0514481b2bb39b90e2
ybezhishe_kino;9d8ae700-bff3-4776-a55e-2031e31faf35;Плохие парни до конца (фильм, 2024);https://rutube.ru/video/3942ebcebdfa9282177bc614c597e7bd
ybezhishe_kino;b2e185f6-1347-4804-987e-31229cfc4dbc;Плохие парни до конца (фильм, 2024);https://rutube.ru/video/3942ebcebdfa9282177bc614c597e7bd
ybezhishe_kino;2473400a-95e9-432d-9e71-846052d96d82;Плохие парни до конца (фильм, 2024);https://rutube.ru/video/3942ebcebdfa9282177bc614c597e7bd
ybezhishe_kino;5d2dcf77-3956-4cdb-98ff-8783da6169c5;Плохие парни до конца (фильм, 2024);https://rutube.ru/video/3942ebcebdfa9282177bc614c597e7bd
ybezhishe_kino;f310ba78-7b10-446e-8367-4d87d6230a4c;Головоломка 2 2024;https://rutube.ru/video/b539e05af70fecaa567ca7be02bad75d
ybezhishe_kino;7d02d913-174e-48d3-a524-b1881791d765;Гарри Поттер и Принц-полукровка (2009);https://rutube.ru/video/ca1ac9d1b20d73eda73e03b24db4d1d8
ybezhishe_kino;ecd54ff0-a0a5-462b-a0a0-098ca64a6c1e;Плохие парни до конца (фильм, 2024);https://rutube.ru/video/3942ebcebdfa9282177bc614c597e7bd
ybezhishe_kino;e6399d83-2c73-49c5-9771-1ca9e4a9e3fb;Плохие парни до конца (фильм, 2024);https://rutube.ru/video/3942ebcebdfa9282177bc614c597e7bd
ybezhishe_kino;56954df0-3113-408d-ac48-d98c45394524;Плохие парни до конца (фильм, 2024);https://rutube.ru/video/3942ebcebdfa9282177bc614c597e7bd
ybezhishe_kino;5edbc7ec-13d9-40d8-b254-bbab8ab68874;Гарри Поттер и Принц-полукровка (2009);https://rutube.ru/video/ca1ac9d1b20d73eda73e03b24db4d1d8
ybezhishe_kino;915d778f-035a-4634-9c4b-ebb31418ff67;Плохие парни до конца (фильм, 2024);https://rutube.ru/video/3942ebcebdfa9282177bc614c597e7bd
ybezhishe_kino;7bc0d737-3469-4314-a4e8-580899e3f514;Гарри Поттер и Принц-полукровка (2009);https://rutube.ru/video/ca1ac9d1b20d73eda73e03b24db4d1d8
ybezhishe_kino;142f18ab-61e0-42bf-baa7-1d8ebb802a99;Плохие парни до конца (фильм, 2024);https://rutube.ru/video/3942ebcebdfa9282177bc614c597e7bd
ybezhishe_kino;8b078a6e-a234-409f-a3af-86aa30da4b46;Гарри Поттер и Принц-полукровка (2009);https://rutube.ru/video/ca1ac9d1b20d73eda73e03b24db4d1d8
ybezhishe_kino;a16945b6-9222-48c7-8df8-f49fab67c86f;Энканто (мультфильм, 2021);https://rutube.ru/video/ba0eeeef478a3096d572825d1c567910
ybezhishe_kino;90fe20f1-13fc-4d79-9591-289c6f94162c;Гарри Поттер и Принц-полукровка (2009);https://rutube.ru/video/ca1ac9d1b20d73eda73e03b24db4d1d8
ybezhishe_kino;ec132f7e-bf08-4668-86d1-f1cc9e64ee15;Гарри Поттер и Принц-полукровка (2009);https://rutube.ru/video/ca1ac9d1b20d73eda73e03b24db4d1d8
ybezhishe_kino;4f078f80-3477-44b9-9955-fa7534db1b82;Плохие парни до конца (фильм, 2024);https://rutube.ru/video/3942ebcebdfa9282177bc614c597e7bd
ybezhishe_kino;960c0698-959d-4c7f-b45c-903226d3182c;Гарри Поттер и Принц-полукровка (2009);https://rutube.ru/video/ca1ac9d1b20d73eda73e03b24db4d1d8
ybezhishe_kino;edb35860-8751-4ee0-804a-e22176140fe5;Плохие парни до конца (фильм, 2024);https://rutube.ru/video/3942ebcebdfa9282177bc614c597e7bd
ybezhishe_kino;b477bb28-c124-4ff3-ab45-d35a613252c3;Плохие парни до конца (фильм, 2024);https://rutube.ru/video/3942ebcebdfa9282177bc614c597e7bd
ybezhishe_kino;5af16122-5c6b-4e19-a6aa-46319c660c99;Гарри Поттер и Принц-полукровка (2009);https://rutube.ru/video/ca1ac9d1b20d73eda73e03b24db4d1d8
ybezhishe_kino;392cbd96-3fc0-41c9-8331-e03142955ebb;Гарри Поттер и Принц-полукровка (2009);https://rutube.ru/video/ca1ac9d1b20d73eda73e03b24db4d1d8
ybezhishe_kino;2d89d2af-94c3-4095-a8ac-8bd0a64ef0a6;Гарри Поттер и Принц-полукровка (2009);https://rutube.ru/video/ca1ac9d1b20d73eda73e03b24db4d1d8
ybezhishe_kino;32214f0f-edb4-4faa-915f-3aa713c1a7a3;Плохие парни до конца (фильм, 2024);https://rutube.ru/video/3942ebcebdfa9282177bc614c597e7bd
ybezhishe_kino;10025dab-9600-4242-914e-10954e9e1da2;Гарри Поттер и Принц-полукровка (2009);https://rutube.ru/video/ca1ac9d1b20d73eda73e03b24db4d1d8
ybezhishe_kino;3b9a4fe0-21b5-45c6-97ea-b375b610440c;Плохие парни до конца (фильм, 2024);https://rutube.ru/video/3942ebcebdfa9282177bc614c597e7bd
ybezhishe_kino;81ae7236-e4d1-4c91-9414-87f2f86ec2c9;Гарри Поттер и Принц-полукровка (2009);https://rutube.ru/video/ca1ac9d1b20d73eda73e03b24db4d1d8
ybezhishe_kino;c9315433-4881-4b36-a0e6-dde1d2c19c93;Плохие парни до конца (фильм, 2024);https://rutube.ru/video/3942ebcebdfa9282177bc614c597e7bd
ybezhishe_kino;ffd111f0-372f-485b-8dcd-20fe3f85a04c;Гарри Поттер и Принц-полукровка (2009);https://rutube.ru/video/ca1ac9d1b20d73eda73e03b24db4d1d8
ybezhishe_kino;c35783c0-aeb0-4296-b353-eeffeaa7e25b;Гарри Поттер и Принц-полукровка (2009);https://rutube.ru/video/ca1ac9d1b20d73eda73e03b24db4d1d8
ybezhishe_kino;c6beaebf-d153-4e54-89e9-ec8337a3aad1;Энканто (мультфильм, 2021);https://rutube.ru/video/ba0eeeef478a3096d572825d1c567910
ybezhishe_kino;2a0809fb-40ca-467d-89f7-f6b34de498d1;Головоломка 2 2024;https://rutube.ru/video/b539e05af70fecaa567ca7be02bad75d
ybezhishe_kino;124ba76d-84cd-463a-ba40-784fc5801a65;Гарри Поттер и Принц-полукровка (2009);https://rutube.ru/video/ca1ac9d1b20d73eda73e03b24db4d1d8
ybezhishe_kino;0899f14e-6db6-4c3c-a799-cdf6ef04c05b;Головоломка 2 2024;https://rutube.ru/video/b539e05af70fecaa567ca7be02bad75d
ybezhishe_kino;865e2db6-5073-4006-88f7-af28fed54a74;Энканто (мультфильм, 2021);https://rutube.ru/video/ba0eeeef478a3096d572825d1c567910
ybezhishe_kino;05d059e1-62e1-4bf2-8fc9-7e072188d186;Энканто (мультфильм, 2021);https://rutube.ru/video/ba0eeeef478a3096d572825d1c567910
ybezhishe_kino;47616078-5aae-49aa-8981-c463384ffcdd;Головоломка 2 2024;https://rutube.ru/video/b539e05af70fecaa567ca7be02bad75d
ybezhishe_kino;57a29f6a-acb4-443d-9162-e3be45602cbf;Энканто (мультфильм, 2021);https://rutube.ru/video/ba0eeeef478a3096d572825d1c567910
ybezhishe_kino;595b3d06-264f-497f-920d-c8d8b19d8c99;Головоломка 2 2024;https://rutube.ru/video/b539e05af70fecaa567ca7be02bad75d
ybezhishe_kino;92545751-5af0-413a-88af-baf32db2895f;Энканто (мультфильм, 2021);https://rutube.ru/video/ba0eeeef478a3096d572825d1c567910
ybezhishe_kino;a5fed6ff-fc5b-48e0-ac2a-675aa8038274;Гарфилд | The Garfield Movie (2024);https://rutube.ru/video/11fe1ad2a33cfb29899e558b374d83c2
ybezhishe_kino;9a17e1e2-60e5-49bd-bece-a1e0e96c74a6;Гарфилд | The Garfield Movie (2024);https://rutube.ru/video/11fe1ad2a33cfb29899e558b374d83c2
ybezhishe_kino;d37e9696-76f0-4fd1-9650-ba1e0f8cee0a;Гарфилд | The Garfield Movie (2024);https://rutube.ru/video/11fe1ad2a33cfb29899e558b374d83c2
ybezhishe_kino;19e90ab6-e0c7-4cec-b361-c19ac37c5ce2;Энканто (мультфильм, 2021);https://rutube.ru/video/ba0eeeef478a3096d572825d1c567910
ybezhishe_kino;9f17b44f-8a44-410b-afb5-1ff933ec2e36;Гарфилд | The Garfield Movie (2024);https://rutube.ru/video/11fe1ad2a33cfb29899e558b374d83c2
ybezhishe_kino;56e3bc3b-c531-438f-8086-e31ed7764d71;Гарфилд | The Garfield Movie (2024);https://rutube.ru/video/11fe1ad2a33cfb29899e558b374d83c2
ybezhishe_kino;31b1c60e-6167-4478-b24e-cbb0d985438e;Гарфилд | The Garfield Movie (2024);https://rutube.ru/video/11fe1ad2a33cfb29899e558b374d83c2
ybezhishe_kino;38e2d283-b61b-4567-8a75-795c1be09cfe;Гарфилд | The Garfield Movie (2024);https://rutube.ru/video/11fe1ad2a33cfb29899e558b374d83c2
ybezhishe_kino;22218049-509c-4652-9bc2-c55711fd4f1b;Гарфилд | The Garfield Movie (2024);https://rutube.ru/video/11fe1ad2a33cfb29899e558b374d83c2
ybezhishe_kino;da8c23dd-24d3-4cb7-a5ab-28311e2f65d4;Гарфилд | The Garfield Movie (2024);https://rutube.ru/video/11fe1ad2a33cfb29899e558b374d83c2
ybezhishe_kino;534d88f8-06d4-45e7-9e8c-daf24af45840;Гарфилд | The Garfield Movie (2024);https://rutube.ru/video/11fe1ad2a33cfb29899e558b374d83c2
ybezhishe_kino;63eaf51b-c408-4ead-b247-8f14ad11e40e;Гарфилд | The Garfield Movie (2024);https://rutube.ru/video/11fe1ad2a33cfb29899e558b374d83c2
ybezhishe_kino;f4b17fbd-4eb6-4781-b872-c83beab3e751;Гарфилд | The Garfield Movie (2024);https://rutube.ru/video/11fe1ad2a33cfb29899e558b374d83c2
ybezhishe_kino;03c1827e-3c9d-42fd-b174-4c573380a5a8;Гарфилд | The Garfield Movie (2024);https://rutube.ru/video/11fe1ad2a33cfb29899e558b374d83c2
ybezhishe_kino;45413555-b17e-4151-b26e-8714960736e3;Энканто (мультфильм, 2021);https://rutube.ru/video/ba0eeeef478a3096d572825d1c567910
ybezhishe_kino;bdca8bbb-dfcb-4d0b-9690-bfcb98cdab08;Гарфилд | The Garfield Movie (2024);https://rutube.ru/video/11fe1ad2a33cfb29899e558b374d83c2
ybezhishe_kino;e0253865-2db6-4fe0-b857-aab491cd481c;Гарфилд | The Garfield Movie (2024);https://rutube.ru/video/11fe1ad2a33cfb29899e558b374d83c2
ybezhishe_kino;b154ce01-5ad7-456c-bd1f-7e62d90b3af5;Энканто (мультфильм, 2021);https://rutube.ru/video/ba0eeeef478a3096d572825d1c567910
ybezhishe_kino;151a87ac-5265-4b90-a244-85e983a8e0a7;Головоломка 2 2024;https://rutube.ru/video/b539e05af70fecaa567ca7be02bad75d
ybezhishe_kino;696a37d1-ebcb-4727-b706-c1bc0030a46c;Отчаянные Домохозяйки 1 сезон 2 серия;https://rutube.ru/video/f3dce0d15b6c4350f5f18c67310e7163
ybezhishe_kino;82ac72c9-c749-4b6a-a84a-28f26d57a8bb;Энканто (мультфильм, 2021);https://rutube.ru/video/ba0eeeef478a3096d572825d1c567910
ybezhishe_kino;5a32471a-abc4-46a7-875c-e9cc3e58855c;Отчаянные Домохозяйки 1 сезон 2 серия;https://rutube.ru/video/f3dce0d15b6c4350f5f18c67310e7163
ybezhishe_kino;7587b15b-e68b-4eec-a50b-48c8124691bc;Отчаянные Домохозяйки 1 сезон 2 серия;https://rutube.ru/video/f3dce0d15b6c4350f5f18c67310e7163
ybezhishe_kino;d14ba1e1-e199-4514-8d99-1a00c46624b6;Отчаянные Домохозяйки 1 сезон 2 серия;https://rutube.ru/video/f3dce0d15b6c4350f5f18c67310e7163
ybezhishe_kino;e0087c8d-9701-4969-a6a0-95e4cd9357ac;Отчаянные Домохозяйки 1 сезон 2 серия;https://rutube.ru/video/f3dce0d15b6c4350f5f18c67310e7163
ybezhishe_kino;ee625365-4f9f-4688-9218-97cc95c823dd;Отчаянные Домохозяйки 1 сезон 2 серия;https://rutube.ru/video/f3dce0d15b6c4350f5f18c67310e7163
ybezhishe_kino;491fe1e8-26a0-4481-9e6e-429947046b48;Отчаянные Домохозяйки 1 сезон 2 серия;https://rutube.ru/video/f3dce0d15b6c4350f5f18c67310e7163
ybezhishe_kino;09fb9726-76b4-44ca-8f75-4ded7380e9d4;Головоломка 2 2024;https://rutube.ru/video/b539e05af70fecaa567ca7be02bad75d
ybezhishe_kino;3538c498-9d03-4d18-b070-0abf765a6d9c;Отчаянные Домохозяйки 1 сезон 2 серия;https://rutube.ru/video/f3dce0d15b6c4350f5f18c67310e7163
ybezhishe_kino;05f05740-c289-47f8-bac5-64e9798a834c;Энканто (мультфильм, 2021);https://rutube.ru/video/ba0eeeef478a3096d572825d1c567910
ybezhishe_kino;0954ee2f-9900-46fc-95d7-861210e59251;Отчаянные Домохозяйки 1 сезон 2 серия;https://rutube.ru/video/f3dce0d15b6c4350f5f18c67310e7163
ybezhishe_kino;4639eb9f-dca7-47a3-8904-8435934b765d;Отчаянные Домохозяйки 1 сезон 2 серия;https://rutube.ru/video/f3dce0d15b6c4350f5f18c67310e7163
ybezhishe_kino;ca699092-6c40-4a13-bf29-7377e361ba72;Отчаянные Домохозяйки 1 сезон 2 серия;https://rutube.ru/video/f3dce0d15b6c4350f5f18c67310e7163
ybezhishe_kino;c4ca20d7-1f8f-45cd-944e-cacafe66feec;Отчаянные Домохозяйки 1 сезон 2 серия;https://rutube.ru/video/f3dce0d15b6c4350f5f18c67310e7163
ybezhishe_kino;cfe4ccc1-c0bf-4e76-976b-ef6318850b25;Отчаянные Домохозяйки 1 сезон 2 серия;https://rutube.ru/video/f3dce0d15b6c4350f5f18c67310e7163
ybezhishe_kino;b7e80f55-c2f5-4ca3-8120-ec7c6bbf7ca4;Отчаянные Домохозяйки 1 сезон 2 серия;https://rutube.ru/video/f3dce0d15b6c4350f5f18c67310e7163
ybezhishe_kino;e9712c64-0fe2-457f-ad14-287eae591704;Отчаянные Домохозяйки 1 сезон 2 серия;https://rutube.ru/video/f3dce0d15b6c4350f5f18c67310e7163
ybezhishe_kino;6d221f81-e195-4dd9-ad50-d45e8bb57961;Энканто (мультфильм, 2021);https://rutube.ru/video/ba0eeeef478a3096d572825d1c567910
ybezhishe_kino;9f80a2d3-7dd4-49be-9d31-e800f0db6a3f;Энканто (мультфильм, 2021);https://rutube.ru/video/ba0eeeef478a3096d572825d1c567910
ybezhishe_kino;0380fd7a-8304-4982-9521-93649d999e61;Головоломка 2 2024;https://rutube.ru/video/b539e05af70fecaa567ca7be02bad75d
ybezhishe_kino;f119b5a2-975a-482d-96db-62af21c8f61e;Головоломка 2 2024;https://rutube.ru/video/b539e05af70fecaa567ca7be02bad75d
ybezhishe_kino;bf387aaa-6b3b-4345-8ba8-1c874a8018dc;Энканто (мультфильм, 2021);https://rutube.ru/video/ba0eeeef478a3096d572825d1c567910
ybezhishe_kino;d3a7008e-7cd7-4edd-8e9d-fc05ca891e85;Энканто (мультфильм, 2021);https://rutube.ru/video/ba0eeeef478a3096d572825d1c567910
ybezhishe_kino;9568cd74-b933-4678-9a08-445e26b21455;Энканто (мультфильм, 2021);https://rutube.ru/video/ba0eeeef478a3096d572825d1c567910
ybezhishe_kino;177a1afd-2fb4-4820-b52b-652c8d07ce80;Энканто (мультфильм, 2021);https://rutube.ru/video/ba0eeeef478a3096d572825d1c567910
ybezhishe_kino;a6ff5458-2471-4ed9-8c93-578413fa8e93;Король Лев (1994);https://rutube.ru/video/b9c2a2188ef90d19c6457e54c2c2df59
ybezhishe_kino;502a4ef4-4033-4788-84f0-2cc2b959d422;Энканто (мультфильм, 2021);https://rutube.ru/video/ba0eeeef478a3096d572825d1c567910
ybezhishe_kino;43bb7cfe-2dbb-4f8c-84ba-52b74579584e;Король Лев (1994);https://rutube.ru/video/b9c2a2188ef90d19c6457e54c2c2df59
ybezhishe_kino;f3ab4daa-cf5e-4415-8f14-f24e06a59fba;Король Лев (1994);https://rutube.ru/video/b9c2a2188ef90d19c6457e54c2c2df59
ybezhishe_kino;a1172930-0f29-4f8b-b877-4e9be683bc9e;Король Лев (1994);https://rutube.ru/video/b9c2a2188ef90d19c6457e54c2c2df59
ybezhishe_kino;742d03b8-e277-4e3d-83f8-dd3684e041ea;Человек-паук: Нет пути домой (фильм, 2021);https://rutube.ru/video/6615b6d1b58acbbae98be49bc7a0d1c9
ybezhishe_kino;9c517905-4454-4622-b4d0-c0784f5cd1ee;Сумерки. Сага. Затмение (2010);https://rutube.ru/video/1ee21b19495c846ff0b0dfdc8f05247c
ybezhishe_kino;413ccaed-c87b-4dc6-90e4-63925065f7a6;Энканто (мультфильм, 2021);https://rutube.ru/video/ba0eeeef478a3096d572825d1c567910
ybezhishe_kino;5c99413c-b869-4963-9753-6cd5a9bb5c96;Человек-паук: Нет пути домой (фильм, 2021);https://rutube.ru/video/6615b6d1b58acbbae98be49bc7a0d1c9
ybezhishe_kino;c9b6346f-2119-4d9f-a3e8-5badceea7684;Человек-паук: Нет пути домой (фильм, 2021);https://rutube.ru/video/6615b6d1b58acbbae98be49bc7a0d1c9
ybezhishe_kino;1a184e81-5d42-431d-9feb-9d497f8cc5f8;Сумерки. Сага. Затмение (2010);https://rutube.ru/video/1ee21b19495c846ff0b0dfdc8f05247c
ybezhishe_kino;0dfbb61a-ccde-43ac-a1db-4f6b383f738b;Человек-паук: Нет пути домой (фильм, 2021);https://rutube.ru/video/6615b6d1b58acbbae98be49bc7a0d1c9
ybezhishe_kino;d3a5eef7-fc8c-416a-995b-cbfb4f237985;Король Лев (1994);https://rutube.ru/video/b9c2a2188ef90d19c6457e54c2c2df59
ybezhishe_kino;0aa722b6-c6c3-4a1d-9be7-a819999585c8;Человек-паук: Нет пути домой (фильм, 2021);https://rutube.ru/video/6615b6d1b58acbbae98be49bc7a0d1c9
ybezhishe_kino;7851655f-0e09-42d5-b529-aa97ec02b4f9;Человек-паук: Нет пути домой (фильм, 2021);https://rutube.ru/video/6615b6d1b58acbbae98be49bc7a0d1c9
ybezhishe_kino;349a4fdc-74d0-47cb-830f-cc604ece0bd9;Король Лев (1994);https://rutube.ru/video/b9c2a2188ef90d19c6457e54c2c2df59
ybezhishe_kino;c2f228ab-f6fe-4907-9e55-fdd4c1cd7f45;Сумерки. Сага. Затмение (2010);https://rutube.ru/video/1ee21b19495c846ff0b0dfdc8f05247c
ybezhishe_kino;d0cf3cc8-9664-4662-908c-d8d3dd5e5b7b;Человек-паук: Нет пути домой (фильм, 2021);https://rutube.ru/video/6615b6d1b58acbbae98be49bc7a0d1c9
ybezhishe_kino;21db3d5e-9c91-4520-8a76-af74f01f9071;Человек-паук: Нет пути домой (фильм, 2021);https://rutube.ru/video/6615b6d1b58acbbae98be49bc7a0d1c9
ybezhishe_kino;5ed86d1e-eec3-4814-a80e-8c94a1407804;Человек-паук: Нет пути домой (фильм, 2021);https://rutube.ru/video/6615b6d1b58acbbae98be49bc7a0d1c9
ybezhishe_kino;7f9b6f88-3e7f-496f-b923-048c5e82044f;Король Лев (1994);https://rutube.ru/video/b9c2a2188ef90d19c6457e54c2c2df59
ybezhishe_kino;a34ea205-805a-431e-9796-8e42d4e7e457;Человек-паук: Нет пути домой (фильм, 2021);https://rutube.ru/video/6615b6d1b58acbbae98be49bc7a0d1c9
ybezhishe_kino;428f5d5a-fa1c-40b6-b70b-996602ed3398;Человек-паук: Нет пути домой (фильм, 2021);https://rutube.ru/video/6615b6d1b58acbbae98be49bc7a0d1c9
ybezhishe_kino;3148460c-cf7b-4735-9a90-62d65b8d1355;Сумерки. Сага. Затмение (2010);https://rutube.ru/video/1ee21b19495c846ff0b0dfdc8f05247c
ybezhishe_kino;9d6e4a90-e5b1-4253-a117-d62c813d801a;Энканто (мультфильм, 2021);https://rutube.ru/video/ba0eeeef478a3096d572825d1c567910
ybezhishe_kino;b3270739-2edb-4712-9982-3aef4c3b200b;Человек-паук: Нет пути домой (фильм, 2021);https://rutube.ru/video/6615b6d1b58acbbae98be49bc7a0d1c9
ybezhishe_kino;bc27f27a-61ba-4897-becc-5f00fe83c9cb;Король Лев (1994);https://rutube.ru/video/b9c2a2188ef90d19c6457e54c2c2df59
ybezhishe_kino;cd7a5497-fbfc-4208-b2b3-c2a7163e5f3c;Человек-паук: Нет пути домой (фильм, 2021);https://rutube.ru/video/6615b6d1b58acbbae98be49bc7a0d1c9
ybezhishe_kino;a8b610f6-0b91-4e07-bb1a-bb8e8e571f99;Человек-паук: Нет пути домой (фильм, 2021);https://rutube.ru/video/6615b6d1b58acbbae98be49bc7a0d1c9
ybezhishe_kino;4f110eb9-2cce-4313-a4b8-65fe6ac9ce25;Человек-паук: Нет пути домой (фильм, 2021);https://rutube.ru/video/6615b6d1b58acbbae98be49bc7a0d1c9
ybezhishe_kino;a2dd7772-f974-4df1-8f96-1b0f114bf03b;Король Лев (1994);https://rutube.ru/video/b9c2a2188ef90d19c6457e54c2c2df59
ybezhishe_kino;513e1231-ff63-4c8c-992a-e3d4b29a5ade;Сумерки. Сага. Затмение (2010);https://rutube.ru/video/1ee21b19495c846ff0b0dfdc8f05247c
ybezhishe_kino;3c8e823c-943a-456e-8e08-3759a00718e7;Король Лев (1994);https://rutube.ru/video/b9c2a2188ef90d19c6457e54c2c2df59
ybezhishe_kino;9238c732-89e2-4d8a-b3f3-8b3c42575f54;Сумерки. Сага. Затмение (2010);https://rutube.ru/video/1ee21b19495c846ff0b0dfdc8f05247c
ybezhishe_kino;a7fde899-6e78-4fa1-ba8c-a0484a83f356;Король Лев (1994);https://rutube.ru/video/b9c2a2188ef90d19c6457e54c2c2df59
ybezhishe_kino;eaa3c62e-5c80-4cc0-b81b-a32d3ea4f880;Король Лев (1994);https://rutube.ru/video/b9c2a2188ef90d19c6457e54c2c2df59
ybezhishe_kino;c893324d-6592-4b11-ac46-91ebdc072ae2;Сумерки. Сага. Затмение (2010);https://rutube.ru/video/1ee21b19495c846ff0b0dfdc8f05247c
ybezhishe_kino;6921670f-51ab-4f55-a377-62232ac6b228;Сумерки. Сага. Затмение (2010);https://rutube.ru/video/1ee21b19495c846ff0b0dfdc8f05247c
ybezhishe_kino;95e19931-4c31-42e4-98a9-bbde348b0465;Сумерки. Сага. Затмение (2010);https://rutube.ru/video/1ee21b19495c846ff0b0dfdc8f05247c
ybezhishe_kino;a7c69429-cd47-4d24-88a5-917aab572812;Сумерки. Сага. Затмение (2010);https://rutube.ru/video/1ee21b19495c846ff0b0dfdc8f05247c
ybezhishe_kino;fa0d6a9d-c614-47de-8340-312fa457ca06;Сумерки. Сага. Затмение (2010);https://rutube.ru/video/1ee21b19495c846ff0b0dfdc8f05247c
ybezhishe_kino;d34e7f27-e496-4f6a-bc02-7e1a8192b362;Сумерки. Сага. Затмение (2010);https://rutube.ru/video/1ee21b19495c846ff0b0dfdc8f05247c
ybezhishe_kino;5dcce739-031a-42c2-8601-7ee896b5712f;Сумерки. Сага. Затмение (2010);https://rutube.ru/video/1ee21b19495c846ff0b0dfdc8f05247c
ybezhishe_kino;6fac6f6a-0714-4ecc-8381-3e52c34bf588;Сумерки. Сага. Затмение (2010);https://rutube.ru/video/1ee21b19495c846ff0b0dfdc8f05247c
ybezhishe_kino;340decff-7663-4cd3-9d0d-938c3906edab;Сумерки. Сага. Затмение (2010);https://rutube.ru/video/1ee21b19495c846ff0b0dfdc8f05247c
ybezhishe_kino;dec35942-248b-417c-a86f-31becf75fe61;Король Лев (1994);https://rutube.ru/video/b9c2a2188ef90d19c6457e54c2c2df59
ybezhishe_kino;b77e734b-e820-4474-bd15-5b9cb43ae356;Рататуй (2007);https://rutube.ru/video/60a8c89da5d3fb2d4a35408b51541b21
ybezhishe_kino;6ee57d8f-12bc-4ff5-810e-272f15841093;Рататуй (2007);https://rutube.ru/video/60a8c89da5d3fb2d4a35408b51541b21
ybezhishe_kino;327a8d83-8810-441a-9028-32c0f21ada5b;Рататуй (2007);https://rutube.ru/video/60a8c89da5d3fb2d4a35408b51541b21
ybezhishe_kino;326600ed-2033-42c8-8532-92184c330201;Рататуй (2007);https://rutube.ru/video/60a8c89da5d3fb2d4a35408b51541b21
ybezhishe_kino;2adc2e9e-3994-4a10-9057-014af1b578ea;Рататуй (2007);https://rutube.ru/video/60a8c89da5d3fb2d4a35408b51541b21
ybezhishe_kino;b6827e99-b42e-4e4c-805a-c0167c0c5924;Король Лев (1994);https://rutube.ru/video/b9c2a2188ef90d19c6457e54c2c2df59
ybezhishe_kino;f8f68fc5-88b5-428a-af4b-e997510b897f;Рататуй (2007);https://rutube.ru/video/60a8c89da5d3fb2d4a35408b51541b21
ybezhishe_kino;03c46ae0-b806-4eff-97d1-c57b05c5ea74;Рататуй (2007);https://rutube.ru/video/60a8c89da5d3fb2d4a35408b51541b21
ybezhishe_kino;2cb75835-ea80-42a3-a408-85e05707b145;Грязные танцы 2: Гаванские ночи 2004;https://rutube.ru/video/34f105016cd0b219c8a10f85a086a3a7
ybezhishe_kino;df782044-6f77-49bb-b44f-b0a36bc3486b;Рататуй (2007);https://rutube.ru/video/60a8c89da5d3fb2d4a35408b51541b21
ybezhishe_kino;0ce7e335-a299-4b40-bd97-32a8bbb5e16e;Грязные танцы 2: Гаванские ночи 2004;https://rutube.ru/video/34f105016cd0b219c8a10f85a086a3a7
ybezhishe_kino;c7f17a7f-6b4b-42ad-8e9c-4191c40cd5aa;Рататуй (2007);https://rutube.ru/video/60a8c89da5d3fb2d4a35408b51541b21
ybezhishe_kino;9a9111ff-c317-45d1-9cd4-f1bff4a8f193;Грязные танцы 2: Гаванские ночи 2004;https://rutube.ru/video/34f105016cd0b219c8a10f85a086a3a7
ybezhishe_kino;19314d7a-8036-4eb7-83dc-da60c0e3c1f0;Рататуй (2007);https://rutube.ru/video/60a8c89da5d3fb2d4a35408b51541b21
ybezhishe_kino;229c66d0-afce-4ef1-94b8-a04899358267;Грязные танцы 2: Гаванские ночи 2004;https://rutube.ru/video/34f105016cd0b219c8a10f85a086a3a7
ybezhishe_kino;4ee2efeb-b7c8-405b-a84e-0c55b8a72b18;Грязные танцы 2: Гаванские ночи 2004;https://rutube.ru/video/34f105016cd0b219c8a10f85a086a3a7
ybezhishe_kino;94f2720e-8e72-4f62-b96c-1d27bbf414ab;Рататуй (2007);https://rutube.ru/video/60a8c89da5d3fb2d4a35408b51541b21
ybezhishe_kino;de78eae3-e613-4f5c-a8f1-c9df9732d341;Рататуй (2007);https://rutube.ru/video/60a8c89da5d3fb2d4a35408b51541b21
ybezhishe_kino;69f00211-5744-4598-a123-5ae19e68e962;Грязные танцы 2: Гаванские ночи 2004;https://rutube.ru/video/34f105016cd0b219c8a10f85a086a3a7
ybezhishe_kino;6a9046bf-cb0d-44ed-bd4c-5459b51c15a1;Грязные танцы 2: Гаванские ночи 2004;https://rutube.ru/video/34f105016cd0b219c8a10f85a086a3a7
ybezhishe_kino;afe176d1-1138-4c21-a051-80a1c45030dd;Грязные танцы 2: Гаванские ночи 2004;https://rutube.ru/video/34f105016cd0b219c8a10f85a086a3a7
ybezhishe_kino;f974a367-25e0-4cd6-a0dc-737877995b14;Рататуй (2007);https://rutube.ru/video/60a8c89da5d3fb2d4a35408b51541b21
ybezhishe_kino;972091a6-9431-4231-a471-8bcd2a8028e1;Грязные танцы 2: Гаванские ночи 2004;https://rutube.ru/video/34f105016cd0b219c8a10f85a086a3a7
ybezhishe_kino;4e78dd8e-e722-4166-9920-e71bce6935f0;Рататуй (2007);https://rutube.ru/video/60a8c89da5d3fb2d4a35408b51541b21
ybezhishe_kino;f2a23025-80ac-46d9-82d4-3fdb24d01149;Грязные танцы 2: Гаванские ночи 2004;https://rutube.ru/video/34f105016cd0b219c8a10f85a086a3a7
ybezhishe_kino;315a3ef4-a651-4220-b56c-9f93fd8c7e80;Грязные танцы 2: Гаванские ночи 2004;https://rutube.ru/video/34f105016cd0b219c8a10f85a086a3a7
ybezhishe_kino;37a5d4bd-1d91-4a51-b626-4b1859ee4f03;Рататуй (2007);https://rutube.ru/video/60a8c89da5d3fb2d4a35408b51541b21
ybezhishe_kino;ec95b7ed-a01a-4355-ae00-12286509d144;Грязные танцы 2: Гаванские ночи 2004;https://rutube.ru/video/34f105016cd0b219c8a10f85a086a3a7
ybezhishe_kino;e0284422-0217-4c3e-a823-6eba2958b60f;Грязные танцы 2: Гаванские ночи 2004;https://rutube.ru/video/34f105016cd0b219c8a10f85a086a3a7
ybezhishe_kino;cbee32c0-1377-4cef-9a00-b3baa8972fe0;Грязные танцы 2: Гаванские ночи 2004;https://rutube.ru/video/34f105016cd0b219c8a10f85a086a3a7
ybezhishe_kino;55645ce6-fce5-4831-8bbb-36084c2c884f;Миньоны: Грювитация 2022;https://rutube.ru/video/cfad838dff1713944b44d9fa04fdc626
ybezhishe_kino;1076b8fa-191b-4962-8584-ac887bb1f4c3;Миньоны: Грювитация 2022;https://rutube.ru/video/cfad838dff1713944b44d9fa04fdc626
ybezhishe_kino;412b07d4-9b4c-42d2-af42-2078ab55ab18;Миньоны: Грювитация 2022;https://rutube.ru/video/cfad838dff1713944b44d9fa04fdc626
ybezhishe_kino;ac9f27e9-8c87-425d-9714-8d3c5a6740ec;Миньоны: Грювитация 2022;https://rutube.ru/video/cfad838dff1713944b44d9fa04fdc626
ybezhishe_kino;acfd6105-4db9-47d9-a412-ece1eccf327e;Миньоны: Грювитация 2022;https://rutube.ru/video/cfad838dff1713944b44d9fa04fdc626
ybezhishe_kino;c4023537-47ba-498b-b71e-a7a5e24d0210;Миньоны: Грювитация 2022;https://rutube.ru/video/cfad838dff1713944b44d9fa04fdc626
ybezhishe_kino;5dc31589-bda6-4979-a940-b674a6761e75;Миньоны: Грювитация 2022;https://rutube.ru/video/cfad838dff1713944b44d9fa04fdc626
ybezhishe_kino;6a9211dd-cdf1-49a7-8915-f203917f2d06;Миньоны: Грювитация 2022;https://rutube.ru/video/cfad838dff1713944b44d9fa04fdc626
ybezhishe_kino;4c7c8a82-3b74-4350-9568-067e80a8f833;Миньоны: Грювитация 2022;https://rutube.ru/video/cfad838dff1713944b44d9fa04fdc626
ybezhishe_kino;5df70236-8839-4b16-8f44-4a59c691b541;Миньоны: Грювитация 2022;https://rutube.ru/video/cfad838dff1713944b44d9fa04fdc626
ybezhishe_kino;75fbaed8-f535-4ed6-aec6-8b1d3a1127d7;Миньоны: Грювитация 2022;https://rutube.ru/video/cfad838dff1713944b44d9fa04fdc626
ybezhishe_kino;6be3629c-878e-4e9d-95d6-d3dc1cd1a36a;Миньоны: Грювитация 2022;https://rutube.ru/video/cfad838dff1713944b44d9fa04fdc626
ybezhishe_kino;cdc2517c-55c3-40e7-84f2-0b64c31f7960;Миньоны: Грювитация 2022;https://rutube.ru/video/cfad838dff1713944b44d9fa04fdc626
ybezhishe_kino;1fe6ee7d-6b08-4d5d-a61e-ff3958b97bc6;Миньоны: Грювитация 2022;https://rutube.ru/video/cfad838dff1713944b44d9fa04fdc626
ybezhishe_kino;06f79120-3bf2-4e2c-9b4c-ff762b27e2f4;Миньоны: Грювитация 2022;https://rutube.ru/video/cfad838dff1713944b44d9fa04fdc626
ybezhishe_kino;e6d3082b-fa69-47c5-b437-29cd05daf189;Кунг-фу Панда 4 2024;https://rutube.ru/video/4958f1c2019f4c42ca66bcf676d601d7
ybezhishe_kino;84b44a0c-d4dd-4d5f-b5d0-adfbe10eb21a;Кунг-фу Панда 4 2024;https://rutube.ru/video/4958f1c2019f4c42ca66bcf676d601d7
ybezhishe_kino;d99cd5de-d865-4a45-a6d2-9fdeb123240e;Кунг-фу Панда 4 2024;https://rutube.ru/video/4958f1c2019f4c42ca66bcf676d601d7
ybezhishe_kino;2c9e1dd4-ddc5-4dd9-bd4b-175b4f795fb8;Кунг-фу Панда 4 2024;https://rutube.ru/video/4958f1c2019f4c42ca66bcf676d601d7
ybezhishe_kino;50484f5f-938b-4d09-a578-bd2e1a71dee6;Кунг-фу Панда 4 2024;https://rutube.ru/video/4958f1c2019f4c42ca66bcf676d601d7
ybezhishe_kino;347fc8fe-42c3-4678-bbba-d8db3cbcd6cb;Кунг-фу Панда 4 2024;https://rutube.ru/video/4958f1c2019f4c42ca66bcf676d601d7
ybezhishe_kino;d1e73ede-b62b-4533-8a09-977bec773869;Кунг-фу Панда 4 2024;https://rutube.ru/video/4958f1c2019f4c42ca66bcf676d601d7
ybezhishe_kino;8f642aef-82c8-47d5-aea9-4f245f9c2b30;Кунг-фу Панда 4 2024;https://rutube.ru/video/4958f1c2019f4c42ca66bcf676d601d7
ybezhishe_kino;93857872-9da1-4fe8-b25c-33162bf95ecf;Кунг-фу Панда 4 2024;https://rutube.ru/video/4958f1c2019f4c42ca66bcf676d601d7
ybezhishe_kino;160178e9-c520-42a1-a610-7ffd0987f1c2;Кунг-фу Панда 4 2024;https://rutube.ru/video/4958f1c2019f4c42ca66bcf676d601d7
ybezhishe_kino;f8f5c479-204f-4ec0-8cbf-37a19bac4a50;Кунг-фу Панда 4 2024;https://rutube.ru/video/4958f1c2019f4c42ca66bcf676d601d7
ybezhishe_kino;b56702ef-27c8-4245-b5a0-c6aa5d4dc312;Кунг-фу Панда 4 2024;https://rutube.ru/video/4958f1c2019f4c42ca66bcf676d601d7
ybezhishe_kino;c0542ed2-0ea2-4fd8-b5df-70bc8fffe180;Кунг-фу Панда 4 2024;https://rutube.ru/video/4958f1c2019f4c42ca66bcf676d601d7
ybezhishe_kino;4157992f-8bbf-44e1-99b1-f40f5f152028;Кунг-фу Панда 4 2024;https://rutube.ru/video/4958f1c2019f4c42ca66bcf676d601d7
ybezhishe_kino;677d4bca-69a4-4fa8-8774-5572b5bb2bf8;Кунг-фу Панда 4 2024;https://rutube.ru/video/4958f1c2019f4c42ca66bcf676d601d7
ybezhishe_kino;4fd618a9-2fbc-477e-83d8-9526c7165ece;Гадкий я 4 | Despicable Me 4 (2024);https://rutube.ru/video/bb821bbb05e7e99597d4140c5cafe8af
ybezhishe_kino;2dbbac88-15d0-458b-b2c3-7472d646e79e;Гадкий я 4 | Despicable Me 4 (2024);https://rutube.ru/video/bb821bbb05e7e99597d4140c5cafe8af
ybezhishe_kino;0973de26-10a3-4cb7-965a-971a5cb3b2b1;Гадкий я 4 | Despicable Me 4 (2024);https://rutube.ru/video/bb821bbb05e7e99597d4140c5cafe8af
ybezhishe_kino;e764f335-8781-4f5c-879e-a6667f9dfb25;Гадкий я 4 | Despicable Me 4 (2024);https://rutube.ru/video/bb821bbb05e7e99597d4140c5cafe8af
ybezhishe_kino;811007eb-744e-4725-9fd5-d1eb4d4bf87e;Головоломка (2015);
ybezhishe_kino;7aa3f30b-8743-4641-b34f-5606bb65c869;Гадкий я 4 | Despicable Me 4 (2024);https://rutube.ru/video/bb821bbb05e7e99597d4140c5cafe8af
ybezhishe_kino;0fc51710-7feb-4f49-b38d-8aa38720d977;Головоломка (2015);
ybezhishe_kino;aa66897c-fae7-48ce-b9b3-f9713b4563e5;Гадкий я 4 | Despicable Me 4 (2024);https://rutube.ru/video/bb821bbb05e7e99597d4140c5cafe8af
ybezhishe_kino;ee521ea8-a7ac-4198-bf61-25cb31c69faf;Головоломка (2015);
ybezhishe_kino;67ac025a-a9ed-4304-8e80-48e929a51a95;Головоломка (2015);
ybezhishe_kino;4737966b-aff5-4f01-af51-a9c8f2a1c6ad;Головоломка (2015);
ybezhishe_kino;5843bd5e-8ae2-4c55-be40-fbe1517ffebd;Головоломка (2015);
ybezhishe_kino;a88d700f-1b21-4aa9-b135-50c8debb9473;Головоломка (2015);
ybezhishe_kino;8ef4cb63-632d-4952-9656-fde226c72a7f;Головоломка (2015);
ybezhishe_kino;685fe16d-afc0-4a1f-a032-3961ea7fe6bf;Головоломка (2015);
ybezhishe_kino;388281a1-47a3-4366-9117-3c101ff0a08d;Головоломка (2015);
ybezhishe_kino;9b01b0d7-ef43-4cd8-ac06-ae7825ac754e;Головоломка (2015);
ybezhishe_kino;00ad8d04-c287-4678-bd15-b296c6a48b57;Гадкий я 4 | Despicable Me 4 (2024);https://rutube.ru/video/bb821bbb05e7e99597d4140c5cafe8af
ybezhishe_kino;81099caf-7ca6-4dc1-83e2-eb5199cf4937;Головоломка (2015);
ybezhishe_kino;1fc90bd1-ba83-42e1-a843-ca17907f0b85;Гадкий я 4 | Despicable Me 4 (2024);https://rutube.ru/video/bb821bbb05e7e99597d4140c5cafe8af
ybezhishe_kino;1847c7b4-3ae4-4250-86f1-4b93d0bdd666;Головоломка (2015);
ybezhishe_kino;2b2435a1-a795-4ab5-b764-a23ac64352bb;Гадкий я 4 | Despicable Me 4 (2024);https://rutube.ru/video/bb821bbb05e7e99597d4140c5cafe8af
ybezhishe_kino;28c0314b-903d-4d67-bbef-35c1dfaa9f26;Головоломка (2015);
ybezhishe_kino;0a35be92-ba65-45e2-91e4-27843e8ccab4;Гадкий я 4 | Despicable Me 4 (2024);https://rutube.ru/video/bb821bbb05e7e99597d4140c5cafe8af
ybezhishe_kino;c127f345-4588-4d17-9a41-f1925b2d5fce;Гадкий я 4 | Despicable Me 4 (2024);https://rutube.ru/video/bb821bbb05e7e99597d4140c5cafe8af
ybezhishe_kino;38f59ade-2e23-46ab-8feb-25afe25f5f3f;Головоломка (2015);
ybezhishe_kino;126ca486-cf10-4160-a382-4c5dcb696a1f;Гадкий я 4 | Despicable Me 4 (2024);https://rutube.ru/video/bb821bbb05e7e99597d4140c5cafe8af
ybezhishe_kino;4a986723-9a35-4c47-8620-b0fa95a3ba84;Гадкий я 4 | Despicable Me 4 (2024);https://rutube.ru/video/bb821bbb05e7e99597d4140c5cafe8af
ybezhishe_kino;a23f869d-308b-4731-bda0-98a8a8a0c4fe;Гадкий я 4 | Despicable Me 4 (2024);https://rutube.ru/video/bb821bbb05e7e99597d4140c5cafe8af
ybezhishe_kino;70ba36ef-160a-4ffe-ae6e-ff5eb2eb90f1;Гадкий я 4 | Despicable Me 4 (2024);https://rutube.ru/video/bb821bbb05e7e99597d4140c5cafe8af
ybezhishe_kino;313dddc2-2de0-4a6c-8131-c2c6bf9c0811;Гадкий я 4 | Despicable Me 4 (2024);https://rutube.ru/video/90e1962587befadea2b1c31b150bdb1e
ybezhishe_kino;fd6810dc-1d59-4865-b6c6-5e76f2f3fc1f;Гадкий я 4 | Despicable Me 4 (2024);https://rutube.ru/video/90e1962587befadea2b1c31b150bdb1e
ybezhishe_kino;eb97b7c3-2ce3-4143-a603-84e335e3d9aa;Гадкий я 4 | Despicable Me 4 (2024);https://rutube.ru/video/90e1962587befadea2b1c31b150bdb1e
ybezhishe_kino;7c4b528f-c43a-42ce-9d6b-b0bbb9f42178;Гадкий я 4 | Despicable Me 4 (2024);https://rutube.ru/video/90e1962587befadea2b1c31b150bdb1e
ybezhishe_kino;15467f0c-11d5-4b9f-a106-24bb18f4f6ea;Сверхъестественное (2005);https://rutube.ru/video/7c0a8f958933a58d3f8c22a39622086c
ybezhishe_kino;8a10529c-2e17-4242-8f36-c22fba0a9770;Сверхъестественное (2005);https://rutube.ru/video/7c0a8f958933a58d3f8c22a39622086c
ybezhishe_kino;cf997669-4082-44f6-873c-24270ded61b2;Сверхъестественное (2005);https://rutube.ru/video/7c0a8f958933a58d3f8c22a39622086c
ybezhishe_kino;97c7f2e9-f525-4c12-81fe-cd8361ff8b7f;Сверхъестественное (2005);https://rutube.ru/video/7c0a8f958933a58d3f8c22a39622086c
ybezhishe_kino;b9528759-70b1-4a62-a698-196be56afdfa;Сверхъестественное (2005);https://rutube.ru/video/7c0a8f958933a58d3f8c22a39622086c
ybezhishe_kino;070a5f29-eb7c-454f-9458-cfc74b04e190;Сверхъестественное (2005);https://rutube.ru/video/7c0a8f958933a58d3f8c22a39622086c
ybezhishe_kino;04979964-946c-4771-9204-d11b58d47405;Сверхъестественное (2005);https://rutube.ru/video/7c0a8f958933a58d3f8c22a39622086c
ybezhishe_kino;64700b27-c777-4b30-8019-ef0adc2e8d1e;Сверхъестественное (2005);https://rutube.ru/video/7c0a8f958933a58d3f8c22a39622086c
ybezhishe_kino;5a441148-14f1-4034-9eb2-d32cd579ae7c;Сверхъестественное (2005);https://rutube.ru/video/7c0a8f958933a58d3f8c22a39622086c
ybezhishe_kino;dd2c4496-4096-47ae-8aba-dcf1b10725c8;Сверхъестественное (2005);https://rutube.ru/video/7c0a8f958933a58d3f8c22a39622086c
ybezhishe_kino;ef838662-e7f9-46ec-ba9a-3093e7ec303e;Сверхъестественное (2005);https://rutube.ru/video/7c0a8f958933a58d3f8c22a39622086c
ybezhishe_kino;c25de4b9-67eb-4d0a-b171-8e7b60c84499;Сверхъестественное (2005);https://rutube.ru/video/7c0a8f958933a58d3f8c22a39622086c
ybezhishe_kino;7b4fed88-cec2-4beb-b63f-4156209b366c;Сверхъестественное (2005);https://rutube.ru/video/7c0a8f958933a58d3f8c22a39622086c
ybezhishe_kino;412b5514-63b6-4243-8cbe-8b0cea9b42bb;Сверхъестественное (2005);https://rutube.ru/video/7c0a8f958933a58d3f8c22a39622086c
ybezhishe_kino;cbf90c95-35d7-4537-993c-c5f85fb06d6f;Сверхъестественное (2005);https://rutube.ru/video/7c0a8f958933a58d3f8c22a39622086c
ybezhishe_kino;cd2d5732-4bf7-4ba2-bff2-07da853a5d23;Во все тяжкие 2008;https://rutube.ru/video/b491249847c4ee2002d70954bd0c2289
ybezhishe_kino;aa962589-5611-4ca1-b2fa-9bc0cf14820c;Во все тяжкие 2008;https://rutube.ru/video/b491249847c4ee2002d70954bd0c2289
ybezhishe_kino;2afaf683-047c-47e3-8f7a-d19b706881f1;Мстители: Финал (2019);https://rutube.ru/video/cb1154d40a23559d06578dbf16b22c96
ybezhishe_kino;c82d2255-0fea-4bd0-9952-1e780646bd91;Мстители: Финал (2019);https://rutube.ru/video/cb1154d40a23559d06578dbf16b22c97
ybezhishe_kino;9c71a0a9-2e28-46ad-bcb1-71e998996c22;Мстители: Финал (2019);https://rutube.ru/video/cb1154d40a23559d06578dbf16b22c98
ybezhishe_kino;6bdd15bc-f7bb-49f3-8726-f052ebc48500;Мстители: Финал (2019);https://rutube.ru/video/cb1154d40a23559d06578dbf16b22c99
ybezhishe_kino;9911fca6-3ae8-4af4-bfd4-c8e6c74ef721;Мстители: Финал (2019);https://rutube.ru/video/cb1154d40a23559d06578dbf16b22c100
ybezhishe_kino;962be54e-bf23-4e45-b39b-a34aa6fba36a;Мстители: Финал (2019);https://rutube.ru/video/cb1154d40a23559d06578dbf16b22c101
ybezhishe_kino;ac8bbb7a-7009-46d3-8e1b-48fe98c40dfc;Мстители: Финал (2019);https://rutube.ru/video/cb1154d40a23559d06578dbf16b22c102
ybezhishe_kino;905cb72e-2fb2-497e-a692-e94de198d738;Мстители: Финал (2019);https://rutube.ru/video/cb1154d40a23559d06578dbf16b22c103
ybezhishe_kino;cf93a9e9-370f-442c-86f8-5f2c4d83f958;Во все тяжкие 2008;https://rutube.ru/video/b491249847c4ee2002d70954bd0c2289
ybezhishe_kino;7517067f-3a60-43d2-bf71-987a55d93214;Во все тяжкие 2008;https://rutube.ru/video/b491249847c4ee2002d70954bd0c2289
ybezhishe_kino;47a2da5d-5e0a-48a9-ae07-681ed1f18507;Во все тяжкие 2008;https://rutube.ru/video/b491249847c4ee2002d70954bd0c2289
ybezhishe_kino;1dd5774f-1b4a-4e34-a6e8-ab88201bcb0a;Во все тяжкие 2008;https://rutube.ru/video/b491249847c4ee2002d70954bd0c2289
ybezhishe_kino;4287cc8d-c182-45bd-a566-28e2d84152e4;Во все тяжкие 2008;https://rutube.ru/video/b491249847c4ee2002d70954bd0c2289
ybezhishe_kino;b82643c2-fc58-4f86-b42b-14c7d5d01980;Во все тяжкие 2008;https://rutube.ru/video/b491249847c4ee2002d70954bd0c2289
ybezhishe_kino;2facf0e4-cd05-4a28-bd30-18a742e51f3f;Во все тяжкие 2008;https://rutube.ru/video/b491249847c4ee2002d70954bd0c2289
ybezhishe_kino;157877ee-f724-4074-8477-eeb831b9eb0e;Отчаянные домохозяйки 2004;https://rutube.ru/video/f78cf882c5b63d9aca22376af61daa50
ybezhishe_kino;9524c9a4-2af0-4a98-9209-d04b105ac68e;Отчаянные домохозяйки 2004;https://rutube.ru/video/f78cf882c5b63d9aca22376af61daa50
ybezhishe_kino;6a38a28a-bf7d-4681-bb45-e85a9451f6fc;Во все тяжкие 2008;https://rutube.ru/video/b491249847c4ee2002d70954bd0c2289
ybezhishe_kino;6a23b154-d103-40f4-a9fe-c1886c39d70d;Отчаянные домохозяйки 2004;https://rutube.ru/video/f78cf882c5b63d9aca22376af61daa50
ybezhishe_kino;73adab17-5f2d-4219-82ae-dcb9d876bea4;Во все тяжкие 2008;https://rutube.ru/video/b491249847c4ee2002d70954bd0c2289
ybezhishe_kino;cd17f252-9c5e-478d-8d52-b776b73ebbbc;Во все тяжкие 2008;https://rutube.ru/video/b491249847c4ee2002d70954bd0c2289
ybezhishe_kino;e4d1472b-1875-4749-8e5b-c55c19e2cf1f;Во все тяжкие 2008;https://rutube.ru/video/b491249847c4ee2002d70954bd0c2289
ybezhishe_kino;07a114be-d204-4b76-a195-69c5127b9c50;Отчаянные домохозяйки 2004;https://rutube.ru/video/f78cf882c5b63d9aca22376af61daa50
ybezhishe_kino;f79c1d4a-db05-45d2-8424-f72a925190d5;Отчаянные домохозяйки 2004;https://rutube.ru/video/f78cf882c5b63d9aca22376af61daa50
ybezhishe_kino;9220c8f6-91b0-4d1e-a098-d8103f230e62;Отчаянные домохозяйки 2004;https://rutube.ru/video/f78cf882c5b63d9aca22376af61daa50
ybezhishe_kino;a2d7c1ca-d43c-4ea6-8ba3-c4090da4b83b;Отчаянные домохозяйки 2004;https://rutube.ru/video/f78cf882c5b63d9aca22376af61daa50
ybezhishe_kino;48dbdd42-4c15-48fe-ba88-8b1145f93216;Железный человек 2 (2010);https://rutube.ru/video/5bbbcbe68318b0ff935bbfa0e23ecb8f
ybezhishe_kino;0e8f0fb3-d921-4e44-a145-4d294ea9b618;Отчаянные домохозяйки 2004;https://rutube.ru/video/f78cf882c5b63d9aca22376af61daa50
ybezhishe_kino;637d6d36-87da-4577-b252-09335df26f79;Во все тяжкие 2008;https://rutube.ru/video/b491249847c4ee2002d70954bd0c2289
ybezhishe_kino;6384e37f-05c8-4665-9932-d06fe173cbbe;Отчаянные домохозяйки 2004;https://rutube.ru/video/f78cf882c5b63d9aca22376af61daa50
ybezhishe_kino;2da7b686-73f3-4c75-a851-47dff725ba72;Отчаянные домохозяйки 2004;https://rutube.ru/video/f78cf882c5b63d9aca22376af61daa50
ybezhishe_kino;30ac8989-237d-42ed-93db-380bbd6fbde7;Отчаянные домохозяйки 2004;https://rutube.ru/video/f78cf882c5b63d9aca22376af61daa50
ybezhishe_kino;7a3a5817-d216-4e5b-9299-8c442b3b9b57;Мстители: Финал (2019);https://rutube.ru/video/cb1154d40a23559d06578dbf16b22c103
ybezhishe_kino;e44fd97f-1ac4-4693-a2dc-016ed8f8e06c;Отчаянные домохозяйки 2004;https://rutube.ru/video/f78cf882c5b63d9aca22376af61daa50
ybezhishe_kino;5ac618d1-d44f-4065-8f46-32ffeae6b91d;Отчаянные домохозяйки 2004;https://rutube.ru/video/f78cf882c5b63d9aca22376af61daa50
ybezhishe_kino;5b1b06e3-5ec4-44b7-8678-ad0eb2fc0a15;Мстители: Финал (2019);https://rutube.ru/video/cb1154d40a23559d06578dbf16b22c103
ybezhishe_kino;6d86de36-2fdc-4328-ae61-51d956fd5ccb;Отчаянные домохозяйки 2004;https://rutube.ru/video/f78cf882c5b63d9aca22376af61daa50
ybezhishe_kino;f850f211-29da-43a7-9f7f-af9c91093cfa;Отчаянные домохозяйки 2004;https://rutube.ru/video/f78cf882c5b63d9aca22376af61daa50
ybezhishe_kino;2c38967f-74c0-4cb0-88bb-190f7d77ef3f;Во все тяжкие 2008;https://rutube.ru/video/b491249847c4ee2002d70954bd0c2289
ybezhishe_kino;6cc23526-5f47-4b1a-aa54-8ccc231a3d82;Мстители: Финал (2019);https://rutube.ru/video/cb1154d40a23559d06578dbf16b22c103
ybezhishe_kino;a2b31cc2-e2ca-448f-ba3f-f5d234ed2e99;Отчаянные домохозяйки 2004;https://rutube.ru/video/42a5445d9aba76e3a945acd4ff15a095
ybezhishe_kino;56557377-44a3-438b-9b1e-102499ad7ca8;Мстители: Финал (2019);https://rutube.ru/video/cb1154d40a23559d06578dbf16b22c103
ybezhishe_kino;bb4997ff-9b00-4413-9964-0139353720a6;Мстители: Финал (2019);https://rutube.ru/video/cb1154d40a23559d06578dbf16b22c103
ybezhishe_kino;0cf287a1-3e8a-4734-8712-d7aa1db05da5;Во все тяжкие 2008;https://rutube.ru/video/b491249847c4ee2002d70954bd0c2289
ybezhishe_kino;babd58f9-a5b4-49e4-bd53-51da5ed3f2d3;Мстители: Финал (2019);https://rutube.ru/video/cb1154d40a23559d06578dbf16b22c103
ybezhishe_kino;3fb48104-4466-431b-9e5b-d1dd51452538;Во все тяжкие 2008;https://rutube.ru/video/b491249847c4ee2002d70954bd0c2289
ybezhishe_kino;d3c1481a-7056-40b6-95ee-07f9a8f956f0;Отчаянные домохозяйки 2004;https://rutube.ru/video/42a5445d9aba76e3a945acd4ff15a095
ybezhishe_kino;f8dd2ad7-cb0c-4b30-9b92-f624b0e8c955;Мстители: Финал (2019);https://rutube.ru/video/cb1154d40a23559d06578dbf16b22c103
ybezhishe_kino;229fedc5-cf22-4462-8641-edb0b447651a;Железный человек 2 (2010);https://rutube.ru/video/5bbbcbe68318b0ff935bbfa0e23ecb8f
ybezhishe_kino;aae9c71d-db57-4504-a09c-1615d98e848c;Во все тяжкие 2008;https://rutube.ru/video/b491249847c4ee2002d70954bd0c2289
ybezhishe_kino;ff9f43b8-01b9-4480-a564-f420ae8ac04b;Железный человек 2 (2010);https://rutube.ru/video/5bbbcbe68318b0ff935bbfa0e23ecb8f
ybezhishe_kino;61b44bdf-7ed0-49a7-ac74-86213aa11e82;Отчаянные домохозяйки 2004;https://rutube.ru/video/42a5445d9aba76e3a945acd4ff15a095
ybezhishe_kino;f8515813-39c1-4b32-9ac6-254cc59e7f02;Во все тяжкие 2008;https://rutube.ru/video/b491249847c4ee2002d70954bd0c2289
ybezhishe_kino;a9731555-3bd5-4324-8682-26a0ae6bd8ef;Железный человек 2 (2010);https://rutube.ru/video/5bbbcbe68318b0ff935bbfa0e23ecb8f
ybezhishe_kino;48b35215-39a6-4fe7-b7c4-e2e37fc58a91;Железный человек 2 (2010);https://rutube.ru/video/5bbbcbe68318b0ff935bbfa0e23ecb8f
ybezhishe_kino;0c47194b-bd9d-4513-b460-a284425be3dc;Железный человек 2 (2010);https://rutube.ru/video/5bbbcbe68318b0ff935bbfa0e23ecb8f
ybezhishe_kino;6f97d9eb-80ea-49ff-981f-b1af513034a4;Железный человек 2 (2010);https://rutube.ru/video/5bbbcbe68318b0ff935bbfa0e23ecb8f
ybezhishe_kino;d805a991-2eed-4f03-b390-a82e1e5ecc5a;Железный человек 2 (2010);https://rutube.ru/video/5bbbcbe68318b0ff935bbfa0e23ecb8f
ybezhishe_kino;d6fe28ac-7836-4673-a730-d5f451f222dd;Во все тяжкие 2008;https://rutube.ru/video/b491249847c4ee2002d70954bd0c2289
ybezhishe_kino;ac7568e6-545c-42eb-a797-bb55a584b861;Отчаянные домохозяйки 2004;https://rutube.ru/video/42a5445d9aba76e3a945acd4ff15a095
ybezhishe_kino;80c5bb37-5ec8-47cb-94a0-5451be0660fe;Железный человек 2 (2010);https://rutube.ru/video/5bbbcbe68318b0ff935bbfa0e23ecb8f
ybezhishe_kino;81e6d2d4-6b99-461c-848d-49cc77f5ae83;Железный человек 2 (2010);https://rutube.ru/video/5bbbcbe68318b0ff935bbfa0e23ecb8f
ybezhishe_kino;4e675336-eb78-4bac-a2a4-5ca0d2ccaa9a;Железный человек 2 (2010);https://rutube.ru/video/5bbbcbe68318b0ff935bbfa0e23ecb8f
ybezhishe_kino;87385124-e91c-4c23-84ab-3efa7912d49f;Во все тяжкие 2008;https://rutube.ru/video/b491249847c4ee2002d70954bd0c2289
ybezhishe_kino;a91fba56-78c0-495d-855e-4d113e2ec76c;Отчаянные домохозяйки 2004;https://rutube.ru/video/42a5445d9aba76e3a945acd4ff15a095
ybezhishe_kino;48d5ce0c-c976-4145-b8ef-78d7567b0634;Железный человек 2 (2010);https://rutube.ru/video/5bbbcbe68318b0ff935bbfa0e23ecb8f
ybezhishe_kino;b687e99a-76f3-45c7-b4ce-cb7b3556f546;Железный человек 2 (2010);https://rutube.ru/video/5bbbcbe68318b0ff935bbfa0e23ecb8f
ybezhishe_kino;a8904b09-e734-4986-b7d1-abb8440aa405;Во все тяжкие 2008;https://rutube.ru/video/b491249847c4ee2002d70954bd0c2289
ybezhishe_kino;1e47a688-34e2-4115-b5ee-a114d8d7ce0b;Железный человек 2 (2010);https://rutube.ru/video/5bbbcbe68318b0ff935bbfa0e23ecb8f
ybezhishe_kino;129d9358-92e3-4070-85a1-c6671b91596c;Железный человек 2 (2010);https://rutube.ru/video/5bbbcbe68318b0ff935bbfa0e23ecb8f
ybezhishe_kino;96db975d-482b-42af-869c-2720fb9e4b50;Во все тяжкие 2008;https://rutube.ru/video/b491249847c4ee2002d70954bd0c2289
ybezhishe_kino;2aba93a7-0ee0-416f-b2e2-63db5000a00a;Отчаянные домохозяйки 2004;https://rutube.ru/video/42a5445d9aba76e3a945acd4ff15a095
ybezhishe_kino;5d273403-4cac-4817-9bce-69edd7cd363a;Отчаянные домохозяйки 2004;https://rutube.ru/video/42a5445d9aba76e3a945acd4ff15a095
ybezhishe_kino;17e945fd-46b5-4378-b2ca-cc28b78122b0;Человек-паук: Возвращение домой (2017);https://rutube.ru/video/2a6c476603d9e98106255f972e8e4a4a
ybezhishe_kino;11f6a0ed-a504-4501-9e5b-28ee95f3323c;Отчаянные домохозяйки 2004;https://rutube.ru/video/42a5445d9aba76e3a945acd4ff15a095
ybezhishe_kino;78ef5633-d995-4880-aa1c-fa8d0f293b16;Во все тяжкие 2008;https://rutube.ru/video/b491249847c4ee2002d70954bd0c2289
ybezhishe_kino;a4d1291c-ad30-4673-9d01-e8f46365c8a9;Человек-паук: Возвращение домой (2017);https://rutube.ru/video/2a6c476603d9e98106255f972e8e4a4a
ybezhishe_kino;24e260f2-e162-4b97-8751-b2b4a0213752;Человек-паук: Возвращение домой (2017);https://rutube.ru/video/2a6c476603d9e98106255f972e8e4a4a
ybezhishe_kino;984daf42-ea22-4792-b5c7-2e4d0b4c6a3b;Человек-паук: Возвращение домой (2017);https://rutube.ru/video/2a6c476603d9e98106255f972e8e4a4a
ybezhishe_kino;2edf7a50-2674-4460-a6d1-03037e6d9ab9;Отчаянные домохозяйки 2004;https://rutube.ru/video/42a5445d9aba76e3a945acd4ff15a095
ybezhishe_kino;10c0c51f-7a48-4c40-a45a-d706fc21822e;Человек-паук: Возвращение домой (2017);https://rutube.ru/video/2a6c476603d9e98106255f972e8e4a4a
ybezhishe_kino;a43b700c-3ad2-40c1-9f96-fba3800535b1;Человек-паук: Возвращение домой (2017);https://rutube.ru/video/2a6c476603d9e98106255f972e8e4a4a
ybezhishe_kino;512b279b-3b90-453e-beac-58bceecf7232;Человек-паук: Возвращение домой (2017);https://rutube.ru/video/2a6c476603d9e98106255f972e8e4a4a
ybezhishe_kino;531bc5d7-adab-431f-8c4b-4d260ad4273b;Во все тяжкие 2008;https://rutube.ru/video/b491249847c4ee2002d70954bd0c2289
ybezhishe_kino;15f8d202-5ec7-4185-b2c6-cf843aec19bb;Человек-паук: Возвращение домой (2017);https://rutube.ru/video/2a6c476603d9e98106255f972e8e4a4a
ybezhishe_kino;57829ae4-8f34-4892-8413-b8ab6cf9afbe;Человек-паук: Возвращение домой (2017);https://rutube.ru/video/2a6c476603d9e98106255f972e8e4a4a
ybezhishe_kino;d0820cf3-8f84-4910-8e38-6a860e2bd560;Человек-паук: Возвращение домой (2017);https://rutube.ru/video/2a6c476603d9e98106255f972e8e4a4a
ybezhishe_kino;885c5152-28c6-4c0a-a155-73cad015ca1e;Человек-паук: Возвращение домой (2017);https://rutube.ru/video/2a6c476603d9e98106255f972e8e4a4a
ybezhishe_kino;35c96a82-f4bf-46a2-b8d9-5a2170b72653;Отчаянные домохозяйки 2004;https://rutube.ru/video/42a5445d9aba76e3a945acd4ff15a095
ybezhishe_kino;0c8e022a-48ed-4911-9695-84743c0a30a3;Человек-паук: Возвращение домой (2017);https://rutube.ru/video/2a6c476603d9e98106255f972e8e4a4a
ybezhishe_kino;68a4e121-4557-4cab-9104-652273e35690;Человек-паук: Возвращение домой (2017);https://rutube.ru/video/2a6c476603d9e98106255f972e8e4a4a
ybezhishe_kino;c6fa13ff-cd86-40c8-9786-c6d092545b29;Человек-паук: Возвращение домой (2017);https://rutube.ru/video/2a6c476603d9e98106255f972e8e4a4a
ybezhishe_kino;ab1d5b48-68da-4cf7-a5f8-1ba821163b36;Человек-паук: Возвращение домой (2017);https://rutube.ru/video/2a6c476603d9e98106255f972e8e4a4a
ybezhishe_kino;8c417713-b826-42df-beb2-309fe186acee;Отчаянные домохозяйки 2004;https://rutube.ru/video/42a5445d9aba76e3a945acd4ff15a095
ybezhishe_kino;9fbb03d3-206e-4960-9712-0699e7dbe562;Отчаянные домохозяйки 2004;https://rutube.ru/video/42a5445d9aba76e3a945acd4ff15a095
ybezhishe_kino;0d86e2ff-cb9f-47f5-aea0-6b0a30e41d1a;Отчаянные домохозяйки 2004;https://rutube.ru/video/42a5445d9aba76e3a945acd4ff15a095
ybezhishe_kino;c72d6450-236f-427b-8cbf-c35372e08e36;Отчаянные домохозяйки 2004;https://rutube.ru/video/42a5445d9aba76e3a945acd4ff15a095
ybezhishe_kino;67704cc0-4ca1-48e9-aecf-2f01c2614c94;Отчаянные домохозяйки 2004;https://rutube.ru/video/42a5445d9aba76e3a945acd4ff15a095
ybezhishe_kino;1eafe866-ea40-487b-916f-34cd2910f20c;Отчаянные домохозяйки 2004;https://rutube.ru/video/26f7eaf96480e1a9b692ac76d1bb9d8c
ybezhishe_kino;ba981cd1-cd75-4cea-87ee-3b5f34c2f108;Отчаянные домохозяйки 2004;https://rutube.ru/video/26f7eaf96480e1a9b692ac76d1bb9d8c
ybezhishe_kino;5dab019b-07be-4f3f-bc3d-c1b5bbfab544;Отчаянные домохозяйки 2004;https://rutube.ru/video/26f7eaf96480e1a9b692ac76d1bb9d8c
ybezhishe_kino;baef90b1-199b-439f-9cff-7977ade45cbc;Отчаянные домохозяйки 2004;https://rutube.ru/video/26f7eaf96480e1a9b692ac76d1bb9d8c
ybezhishe_kino;f32b8562-e175-4e27-afbe-d44694753a70;Отчаянные домохозяйки 2004;https://rutube.ru/video/26f7eaf96480e1a9b692ac76d1bb9d8c
ybezhishe_kino;a63a8477-d648-44e1-be2a-d16e7670ff4c;Отчаянные домохозяйки 2004;https://rutube.ru/video/26f7eaf96480e1a9b692ac76d1bb9d8c
ybezhishe_kino;4ed96097-c880-4899-9bd4-1645ac613895;Отчаянные домохозяйки 2004;https://rutube.ru/video/26f7eaf96480e1a9b692ac76d1bb9d8c
ybezhishe_kino;8cc8453d-f26a-4f5e-85a5-d9c5002f4b8c;Отчаянные домохозяйки 2004;https://rutube.ru/video/26f7eaf96480e1a9b692ac76d1bb9d8c
ybezhishe_kino;4ced630c-10ac-42d4-b0d6-e2c91049c407;Отчаянные домохозяйки 2004;https://rutube.ru/video/26f7eaf96480e1a9b692ac76d1bb9d8c
ybezhishe_kino;ebcc82db-288a-4f82-87ed-d21660cbc394;Отчаянные домохозяйки 2004;https://rutube.ru/video/26f7eaf96480e1a9b692ac76d1bb9d8c
ybezhishe_kino;ed765d89-a54c-41db-9026-0f3d51e82093;Отчаянные домохозяйки 2004;https://rutube.ru/video/26f7eaf96480e1a9b692ac76d1bb9d8c
ybezhishe_kino;a348c7ba-5476-4c26-b892-83ce2527bd0d;Отчаянные домохозяйки 2004;https://rutube.ru/video/26f7eaf96480e1a9b692ac76d1bb9d8c
ybezhishe_kino;34c4f509-d359-434c-801c-e2f4ce0e0f47;Игра в кальмара 2021;https://rutube.ru/video/78c61444a551e998b5ece8d02d035684
ybezhishe_kino;23b0fcc0-b084-4bd7-9feb-e6944267bfe4;Игра в кальмара 2021;https://rutube.ru/video/78c61444a551e998b5ece8d02d035685
ybezhishe_kino;5a914d0b-1c59-41a6-b08a-49a59204948d;Игра в кальмара 2021;https://rutube.ru/video/78c61444a551e998b5ece8d02d035686
ybezhishe_kino;68a88938-635b-4b68-90c7-8c32b613b1df;Игра в кальмара 2021;https://rutube.ru/video/78c61444a551e998b5ece8d02d035687
ybezhishe_kino;78c96b29-7e6e-4ac8-8bf3-c95af59d4d71;Игра в кальмара 2021;https://rutube.ru/video/78c61444a551e998b5ece8d02d035688
ybezhishe_kino;85835dc0-fe53-4ca5-8c9f-4a14dadbbfdc;Игра в кальмара 2021;https://rutube.ru/video/78c61444a551e998b5ece8d02d035689
ybezhishe_kino;cf1ddc0d-4cce-4865-97f1-3eba8f92e8e3;Игра в кальмара 2021;https://rutube.ru/video/78c61444a551e998b5ece8d02d035690
ybezhishe_kino;48d8830f-b626-4691-8a3e-50377ea28b6b;Игра в кальмара 2021;https://rutube.ru/video/78c61444a551e998b5ece8d02d035691
ybezhishe_kino;e0f6583e-904a-4107-b3d6-e79e4886b5de;Игра в кальмара 2021;https://rutube.ru/video/78c61444a551e998b5ece8d02d035692
ybezhishe_kino;a819be84-d878-4916-b6d7-a1e6013fff83;Игра в кальмара 2021;https://rutube.ru/video/78c61444a551e998b5ece8d02d035693
ybezhishe_kino;587dea6b-0531-4f8e-a8ec-2f6b59c7491d;Игра в кальмара 2021;https://rutube.ru/video/78c61444a551e998b5ece8d02d035694
ybezhishe_kino;fc336c2d-9e9d-43ae-a3c3-971d629eccf3;Игра в кальмара 2021;https://rutube.ru/video/78c61444a551e998b5ece8d02d035695
ybezhishe_kino;8f5023f2-4a32-4bc7-b3c7-0a35531d3089;Игра в кальмара 2021;https://rutube.ru/video/78c61444a551e998b5ece8d02d035696
ybezhishe_kino;ffb2f9f5-7171-41a3-9587-06e8c621c0c1;Игра в кальмара 2021;https://rutube.ru/video/78c61444a551e998b5ece8d02d035697
ybezhishe_kino;0fba293f-ca04-44f7-bc14-a751e571fab5;Игра в кальмара 2021;https://rutube.ru/video/78c61444a551e998b5ece8d02d035698
ybezhishe_kino;1966c3ea-5196-4ff5-9b75-501df31b077d;Отчаянные домохозяйки 2004;https://rutube.ru/video/26f7eaf96480e1a9b692ac76d1bb9d8c
ybezhishe_kino;763e49aa-de62-4b07-aa71-f0395ccb7b5c;Отчаянные домохозяйки 2004;https://rutube.ru/video/26f7eaf96480e1a9b692ac76d1bb9d8c
ybezhishe_kino;8c4249e1-2ec3-46c6-be8f-5054f21243f2;Отчаянные домохозяйки 2004;https://rutube.ru/video/26f7eaf96480e1a9b692ac76d1bb9d8c
